failure,phase,component,injection_method,expected,actual,recovery,recovery_time,data_integrity,status,evidence
redis_stop,88/89,simulator/docker redis,docker stop docker-redis-1,healthcheck goes unhealthy then recovers,exited immediately; docker start -> health starting(2s)->healthy(1s more),automatic on restart,~3s to healthy,not applicable (no data path through redis in this pass),PASS,artifacts/docker/baseline (session log)
load_balancer_primary_down,13,simulator lab load-balancer,docker stop docker-load-balancer-1,gateway keeps serving via load-balancer-2,gateway http=200 throughout; restored load-balancer-1 after,automatic nginx upstream failover (no restart needed),immediate (same request),n/a (no persisted state on LB),PASS,gateway.conf upstream block; live curl 200/200/200
client_to_data_network_isolation,12,simulator lab client->redis,attempt cross-network connect from client,DNS resolution fails (client not on data network),"gethostbyname('redis') -> [Errno -3] Try again",n/a (expected block),n/a,n/a,PASS,session transcript
external_to_data_network_isolation,12,simulator lab external-service->database,attempt cross-network connect,DNS resolution fails,wget: bad address 'database:5432',n/a (expected block),n/a,n/a,PASS,session transcript
backend_container_missing_experiments_module,06/09,root docker-compose backend,cold start of backend container,should start and serve /health,crash-looped: ModuleNotFoundError: No module named 'experiments',fixed: added COPY experiments/ to backend/Dockerfile,one rebuild cycle (~4s cached),n/a (never started),FAIL then FIXED,artifacts/docker/baseline/backend_rebuild.log
backend_container_missing_opentelemetry,94/96,root docker-compose backend,cold start of backend container,should start and serve /health,crash-looped: ModuleNotFoundError: No module named 'opentelemetry',fixed: added opentelemetry-api/-sdk to requirements.txt,one rebuild cycle (~4min pip resolve),n/a (never started),FAIL then FIXED,artifacts/docker/baseline/backend_rebuild2.log
backend_container_missing_simulator_module,70,root docker-compose backend,cold start of backend container,should start and serve /health,crash-looped: ModuleNotFoundError: No module named 'simulator',fixed: added COPY simulator/ to backend/Dockerfile,one rebuild cycle (~4s cached),n/a (never started),FAIL then FIXED,artifacts/docker/baseline/backend_rebuild3.log
ha_backend_a_kill,93,docker-compose.ha.yml backend_a,docker kill (SIGKILL) mid-idle,proxy fails over to backend_b; no data loss,"1-2 requests got 499/timeout during nginx's fail_timeout window, then 200 from backend_b with identical graph_id/nodes",automatic nginx upstream failover after ~1-2s,~1-2s (not instantaneous),confirmed: same graph_id/nodes served from backend_b,PARTIAL (failover works but is not seamless -- brief request loss),session transcript + docker logs netscope-x-proxy-1
ha_backend_a_restart_repair,93,docker-compose.ha.yml backend_a,docker compose up backend_a after kill,restarted replica repairs from peer,both capture ids (0030204a...,d8e69709...) present in /data/a/captures/ after restart; topology read consistent,automatic (ReplicatedStore repair-on-startup),~4s to ready,confirmed: data present and consistent,PASS,session transcript
port_conflict_root_and_ha_stack,06/93,root docker-compose vs docker-compose.ha.yml,start both stacks simultaneously (both bind host:8000),clear error naming the conflict,"""port is already allocated"" -- clear, correctly attributed error, no hang",stop the conflicting stack; resolved manually,n/a,n/a,PASS (clear failure, no silent corruption),artifacts/docker/baseline/ha_up.log
ha_proxy_port_publish_race,93,docker-compose.ha.yml proxy,recreate proxy immediately after stopping the conflicting root backend,port 8000 published on first up,"first ""up -d"" succeeded but proxy silently held no published port (Windows/Docker Desktop port-release race); required an explicit --force-recreate proxy to bind 8000",force-recreate,~2s,n/a,PARTIAL (silent partial success, not fabricated as full PASS),session transcript (docker port empty then correct after recreate)
